{
  "marketing_stripe": {
    "text": "Enviamos Para Todo Brasil",
    "link": "/promotion",
    "background": "#ffec9c",
    "color": "#0b0909"
  },
  "contacts_stripe": {
    "pages": [
      {},
      {}
    ],
    "phone_wpp": false,
    "socials": true
  },
  "categories_list": {
    "featured": [
      "/etiqueta?ETIQUETA"
    ],
    "random": 15,
    "full_width": true
  },
  "desktop_megamenu": false,
  "search_input": true,
  "alphabetical_order_submenu": true,
  "full_width_submenu": true
}