{
  "meta_title": "",
  "meta_description": "",
  "sections": [
    {
      "type": "banner-slider",
      "autoplay": 9000,
      "full_width": false,
      "slides": [
        {
          "img": "/img/uploads/1.png",
          "link": "",
          "alt": "",
          "start": "",
          "end": "",
          "mobile_img": "/img/uploads/1.png"
        },
        {
          "start": "",
          "end": "",
          "img": "/img/uploads/3x.png",
          "alt": "",
          "mobile_img": "/img/uploads/3x.png"
        }
      ]
    },
    {
      "type": "info-bar",
      "enabled": true
    },
    {
      "type": "collection-shelf",
      "shuffle": false,
      "collection_id": "63b4d7f34834634f73276f15:categories:ETIQUETA:/etiqueta",
      "sort": "news",
      "title": "",
      "headless": false,
      "limit": 24,
      "page": 1
    },
    {
      "type": "page-title",
      "title": "Mari Personalizados",
      "description": "Loja  de produtos personalizados para decorar e dar um charme em sua festa. Trabalhamos com festas infantis e adultos. Será um prazer te atender!"
    }
  ]
}